{
  "accuracy": 0.5939,
  "weighted_f1": 0.592,
  "classification_report": {
    "Arabic": {
      "precision": 0.3333333333333333,
      "recall": 0.046822742474916385,
      "f1-score": 0.08211143695014662,
      "support": 299.0
    },
    "Chinese": {
      "precision": 0.4336283185840708,
      "recall": 0.16333333333333333,
      "f1-score": 0.23728813559322035,
      "support": 300.0
    },
    "Dutch": {
      "precision": 1.0,
      "recall": 0.9966555183946488,
      "f1-score": 0.998324958123953,
      "support": 299.0
    },
    "English": {
      "precision": 0.9024390243902439,
      "recall": 0.9866666666666667,
      "f1-score": 0.9426751592356688,
      "support": 300.0
    },
    "Estonian": {
      "precision": 0.9966216216216216,
      "recall": 0.9833333333333333,
      "f1-score": 0.9899328859060402,
      "support": 300.0
    },
    "French": {
      "precision": 0.9833887043189369,
      "recall": 0.9966329966329966,
      "f1-score": 0.9899665551839465,
      "support": 297.0
    },
    "Hindi": {
      "precision": 0.35,
      "recall": 0.0707070707070707,
      "f1-score": 0.11764705882352941,
      "support": 297.0
    },
    "Indonesian": {
      "precision": 1.0,
      "recall": 0.9897260273972602,
      "f1-score": 0.9948364888123924,
      "support": 292.0
    },
    "Japanese": {
      "precision": 0.4898989898989899,
      "recall": 0.3233333333333333,
      "f1-score": 0.3895582329317269,
      "support": 300.0
    },
    "Korean": {
      "precision": 0.4166666666666667,
      "recall": 0.11666666666666667,
      "f1-score": 0.18229166666666666,
      "support": 300.0
    },
    "Latin": {
      "precision": 0.971830985915493,
      "recall": 0.965034965034965,
      "f1-score": 0.968421052631579,
      "support": 286.0
    },
    "Persian": {
      "precision": 0.10679196924391286,
      "recall": 0.8333333333333334,
      "f1-score": 0.18932222642938282,
      "support": 300.0
    },
    "Portugese": {
      "precision": 0.9866666666666667,
      "recall": 0.9899665551839465,
      "f1-score": 0.988313856427379,
      "support": 299.0
    },
    "Pushto": {
      "precision": 0.5619047619047619,
      "recall": 0.19798657718120805,
      "f1-score": 0.29280397022332505,
      "support": 298.0
    },
    "Romanian": {
      "precision": 0.9933110367892977,
      "recall": 0.99,
      "f1-score": 0.991652754590985,
      "support": 300.0
    },
    "Russian": {
      "precision": 0.5714285714285714,
      "recall": 0.10666666666666667,
      "f1-score": 0.1797752808988764,
      "support": 300.0
    },
    "Spanish": {
      "precision": 0.9865771812080537,
      "recall": 0.9832775919732442,
      "f1-score": 0.9849246231155779,
      "support": 299.0
    },
    "Swedish": {
      "precision": 1.0,
      "recall": 0.9966442953020134,
      "f1-score": 0.9983193277310924,
      "support": 298.0
    },
    "Tamil": {
      "precision": 0.41935483870967744,
      "recall": 0.08843537414965986,
      "f1-score": 0.14606741573033707,
      "support": 294.0
    },
    "Thai": {
      "precision": 0.37681159420289856,
      "recall": 0.17333333333333334,
      "f1-score": 0.2374429223744292,
      "support": 300.0
    },
    "Turkish": {
      "precision": 0.9966666666666667,
      "recall": 0.9966666666666667,
      "f1-score": 0.9966666666666667,
      "support": 300.0
    },
    "Urdu": {
      "precision": 0.391304347826087,
      "recall": 0.09,
      "f1-score": 0.14634146341463414,
      "support": 300.0
    },
    "accuracy": 0.5939310765477279,
    "macro avg": {
      "precision": 0.6940284217898159,
      "recall": 0.5947828658075119,
      "f1-score": 0.5929401881118889,
      "support": 6558.0
    },
    "weighted avg": {
      "precision": 0.6932045239645831,
      "recall": 0.5939310765477279,
      "f1-score": 0.5919569210253423,
      "support": 6558.0
    }
  }
}